<manifest><control namespace="SampleNameSpace" constructor="treeview" version="0.0.1" display-name-key="treeview" description-key="treeview description" control-type="virtual" api-version="1.3.4"><external-service-usage enabled="false" /><property name="SelectedNode" display-name-key="SelectedNode" description-key="The selected node" of-type="SingleLine.Text" usage="output" required="true" /><property name="ShowActionButtons" display-name-key="Show Buttons" description-key="Show buttons" of-type="TwoOptions" usage="bound" required="true" /><property name="ShowChildCounter" display-name-key="Show  ChildCounter" description-key="Show child counter" of-type="TwoOptions" usage="bound" required="true" /><property name="theme" display-name-key="Theme" description-key="The theme JSON, uses the fluent UI JSON format" of-type="SingleLine.TextArea" usage="bound" required="true" /><data-set name="records" display-name-key="Items"><property-set name="NodeId" display-name-key="Id_Disp" description-key="Id" of-type="SingleLine.Text" usage="bound" required="true" /><property-set name="NodeTitle" display-name-key="Title_Disp" description-key="Title" of-type="SingleLine.Text" usage="bound" required="true" /><property-set name="NodeSubtitle" display-name-key="Subtitle_Disp" description-key="Subtitle" of-type="SingleLine.Text" usage="bound" required="true" /><property-set name="NodeParent" display-name-key="Parent_Disp" description-key="Parent" of-type="SingleLine.Text" usage="bound" required="true" /></data-set><resources><code path="bundle.js" order="1" /><platform-library name="React" version="16.8.6" /><platform-library name="Fluent" version="8.29.0" /></resources><built-by name="pac" version="1.21.5" /></control></manifest>